{"cameraMode":{"drawMode":0,"name":"Shaded","section":"Shading Mode"},"sceneLighting":false,"audioPlay":false,"sceneViewState":{"m_AlwaysRefresh":false,"showFog":true,"showSkybox":true,"showFlares":true,"showImageEffects":true,"showParticleSystems":true,"showVisualEffectGraphs":true,"m_FxEnabled":false},"in2DMode":false,"pivot":{"x":-2.879999876022339,"y":2.320000171661377,"z":-1.1999999284744263},"rotation":{"x":0.032999761402606967,"y":0.6939969062805176,"z":-0.03175624459981918,"w":0.7186490297317505},"size":1.5079175233840943,"orthographic":false}